event_time,device,latency_ms,packet_loss_pct,throughput_mbps
2026-09-05 08:00:00,ROUTER-04,51.64,0.59,441.27
2026-09-05 08:00:30,ROUTER-05,60.89,0.27,506.56
2026-09-05 08:01:00,ROUTER-03,57.22,0.37,536.58
2026-09-05 08:01:30,ROUTER-05,53.36,0.84,616.47
2026-09-05 08:02:00,ROUTER-05,38.14,0.53,556.36
2026-09-05 08:02:30,ROUTER-02,290.25,7.39,114.1
2026-09-05 08:03:00,ROUTER-03,78.23,0.78,506.71
2026-09-05 08:03:30,ROUTER-03,70.18,0.3,612.84
2026-09-05 08:04:00,ROUTER-03,73.9,1.06,532.78
2026-09-05 08:04:30,ROUTER-05,42.33,0.82,431.11
2026-09-05 08:05:00,ROUTER-04,35.16,0.37,612.27
2026-09-05 08:05:30,ROUTER-03,48.11,0.88,555.83
2026-09-05 08:06:00,ROUTER-05,50.84,0.52,464.56
2026-09-05 08:06:30,ROUTER-02,66.41,0.76,461.64
2026-09-05 08:07:00,ROUTER-04,24.61,0.65,523.73
2026-09-05 08:07:30,ROUTER-02,72.94,0.25,537.05
2026-09-05 08:08:00,ROUTER-04,47.63,0.31,515.78
2026-09-05 08:08:30,ROUTER-05,43.6,0.81,524.9
2026-09-05 08:09:00,ROUTER-01,34.82,0.4,636.0
2026-09-05 08:09:30,ROUTER-04,25.18,0.38,585.72
2026-09-05 08:10:00,ROUTER-02,62.35,0.21,515.25
2026-09-05 08:10:30,ROUTER-05,51.1,0.63,575.3
2026-09-05 08:11:00,ROUTER-04,30.65,1.12,417.4
2026-09-05 08:11:30,ROUTER-01,30.57,0.18,531.83
2026-09-05 08:12:00,ROUTER-01,44.96,0.51,644.74
2026-09-05 08:12:30,ROUTER-03,75.04,0.92,482.56
2026-09-05 08:13:00,ROUTER-03,46.11,0.48,432.19
2026-09-05 08:13:30,ROUTER-02,27.45,0.64,447.83
2026-09-05 08:14:00,ROUTER-04,46.31,0.18,412.83
2026-09-05 08:14:30,ROUTER-04,45.91,0.63,437.22
2026-09-05 08:15:00,ROUTER-03,9.55,0.44,470.36
2026-09-05 08:15:30,ROUTER-04,49.19,0.8,387.55
2026-09-05 08:16:00,ROUTER-04,46.54,0.86,501.25
2026-09-05 08:16:30,ROUTER-01,60.44,1.28,572.18
2026-09-05 08:17:00,ROUTER-03,77.73,0.67,427.38
2026-09-05 08:17:30,ROUTER-05,66.9,0.6,621.54
2026-09-05 08:18:00,ROUTER-03,391.84,16.56,93.68
2026-09-05 08:18:30,ROUTER-05,33.4,0.39,582.45
2026-09-05 08:19:00,ROUTER-01,88.6,0.6,447.37
2026-09-05 08:19:30,ROUTER-02,50.89,0.41,568.36
2026-09-05 08:20:00,ROUTER-04,50.21,0.55,412.65
2026-09-05 08:20:30,ROUTER-01,49.64,0.9,571.22
2026-09-05 08:21:00,ROUTER-04,52.97,0.2,513.75
2026-09-05 08:21:30,ROUTER-02,47.83,0.84,544.26
2026-09-05 08:22:00,ROUTER-02,41.4,0.9,405.95
2026-09-05 08:22:30,ROUTER-01,41.8,0.46,428.39
2026-09-05 08:23:00,ROUTER-02,49.51,0.0,547.78
2026-09-05 08:23:30,ROUTER-05,41.85,0.32,424.13
2026-09-05 08:24:00,ROUTER-02,39.31,0.89,537.06
2026-09-05 08:24:30,ROUTER-04,51.6,0.49,390.63
2026-09-05 08:25:00,ROUTER-04,46.18,0.2,567.85
2026-09-05 08:25:30,ROUTER-04,72.56,0.35,401.4
2026-09-05 08:26:00,ROUTER-04,10.24,0.75,544.18
2026-09-05 08:26:30,ROUTER-05,66.37,0.66,550.05
2026-09-05 08:27:00,ROUTER-03,68.69,0.43,444.26
2026-09-05 08:27:30,ROUTER-01,18.9,0.39,546.56
2026-09-05 08:28:00,ROUTER-04,44.86,0.38,520.84
2026-09-05 08:28:30,ROUTER-02,44.43,0.22,456.89
2026-09-05 08:29:00,ROUTER-04,28.89,0.98,419.32
2026-09-05 08:29:30,ROUTER-02,193.79,7.83,94.3
2026-09-05 08:30:00,ROUTER-02,33.34,0.87,527.97
2026-09-05 08:30:30,ROUTER-04,295.96,15.13,77.23
2026-09-05 08:31:00,ROUTER-05,64.04,0.8,507.63
2026-09-05 08:31:30,ROUTER-02,69.07,0.37,478.92
2026-09-05 08:32:00,ROUTER-02,60.83,0.62,554.33
2026-09-05 08:32:30,ROUTER-04,33.06,0.49,475.84
2026-09-05 08:33:00,ROUTER-02,42.13,0.23,473.64
2026-09-05 08:33:30,ROUTER-02,57.34,0.6,558.55
2026-09-05 08:34:00,ROUTER-04,31.67,0.15,526.8
2026-09-05 08:34:30,ROUTER-04,60.69,0.86,525.29
2026-09-05 08:35:00,ROUTER-01,46.4,0.36,537.54
2026-09-05 08:35:30,ROUTER-05,44.38,0.56,377.15
2026-09-05 08:36:00,ROUTER-05,60.66,0.58,560.54
2026-09-05 08:36:30,ROUTER-02,56.66,0.42,549.0
2026-09-05 08:37:00,ROUTER-05,44.59,0.68,418.67
2026-09-05 08:37:30,ROUTER-02,67.39,0.36,480.47
2026-09-05 08:38:00,ROUTER-01,33.78,0.76,496.86
2026-09-05 08:38:30,ROUTER-04,59.24,0.1,489.24
2026-09-05 08:39:00,ROUTER-04,58.9,0.54,526.71
2026-09-05 08:39:30,ROUTER-04,45.36,1.08,614.51
2026-09-05 08:40:00,ROUTER-05,54.89,0.2,586.54
2026-09-05 08:40:30,ROUTER-01,31.23,0.3,395.02
2026-09-05 08:41:00,ROUTER-05,63.86,0.65,549.77
2026-09-05 08:41:30,ROUTER-05,47.23,0.55,606.31
2026-09-05 08:42:00,ROUTER-01,42.16,0.61,530.94
2026-09-05 08:42:30,ROUTER-01,65.74,0.65,587.28
2026-09-05 08:43:00,ROUTER-01,39.43,0.69,660.98
2026-09-05 08:43:30,ROUTER-01,28.87,0.83,581.9
2026-09-05 08:44:00,ROUTER-04,26.65,0.62,519.94
2026-09-05 08:44:30,ROUTER-03,59.09,0.43,583.61
2026-09-05 08:45:00,ROUTER-03,325.75,8.26,100.38
2026-09-05 08:45:30,ROUTER-01,76.32,1.07,501.91
2026-09-05 08:46:00,ROUTER-03,18.77,0.46,471.89
2026-09-05 08:46:30,ROUTER-03,75.45,0.21,625.07
2026-09-05 08:47:00,ROUTER-01,53.17,0.83,434.53
2026-09-05 08:47:30,ROUTER-03,222.72,19.11,168.95
2026-09-05 08:48:00,ROUTER-05,41.83,0.0,539.99
2026-09-05 08:48:30,ROUTER-02,55.99,0.75,388.06
2026-09-05 08:49:00,ROUTER-02,49.44,0.34,529.41
2026-09-05 08:49:30,ROUTER-01,66.55,0.47,332.0
2026-09-05 08:50:00,ROUTER-04,51.71,0.6,550.04
2026-09-05 08:50:30,ROUTER-01,52.25,0.56,570.82
2026-09-05 08:51:00,ROUTER-04,44.55,0.71,452.61
2026-09-05 08:51:30,ROUTER-02,49.15,0.37,509.88
2026-09-05 08:52:00,ROUTER-01,54.62,0.65,656.33
2026-09-05 08:52:30,ROUTER-05,24.35,0.42,459.54
2026-09-05 08:53:00,ROUTER-03,29.78,0.72,415.29
2026-09-05 08:53:30,ROUTER-04,61.15,0.68,618.53
2026-09-05 08:54:00,ROUTER-03,52.56,0.22,657.01
2026-09-05 08:54:30,ROUTER-03,47.24,0.83,500.3
2026-09-05 08:55:00,ROUTER-01,50.28,0.34,580.92
2026-09-05 08:55:30,ROUTER-03,55.21,0.74,607.32
2026-09-05 08:56:00,ROUTER-05,41.9,0.61,440.6
2026-09-05 08:56:30,ROUTER-03,38.33,1.05,461.18
2026-09-05 08:57:00,ROUTER-01,52.94,0.43,598.47
2026-09-05 08:57:30,ROUTER-05,35.32,0.4,634.8
2026-09-05 08:58:00,ROUTER-02,56.12,0.49,545.03
2026-09-05 08:58:30,ROUTER-03,24.46,0.41,429.61
2026-09-05 08:59:00,ROUTER-01,65.44,0.74,658.96
2026-09-05 08:59:30,ROUTER-02,57.09,0.02,457.52
2026-09-05 09:00:00,ROUTER-02,53.84,0.18,473.19
2026-09-05 09:00:30,ROUTER-04,64.74,0.18,527.39
2026-09-05 09:01:00,ROUTER-05,74.98,0.79,624.33
2026-09-05 09:01:30,ROUTER-03,65.22,1.01,568.32
2026-09-05 09:02:00,ROUTER-01,22.39,0.47,533.19
2026-09-05 09:02:30,ROUTER-04,30.81,0.45,537.06
2026-09-05 09:03:00,ROUTER-05,40.63,0.52,503.48
2026-09-05 09:03:30,ROUTER-04,50.39,0.85,544.65
2026-09-05 09:04:00,ROUTER-05,57.76,0.22,297.64
2026-09-05 09:04:30,ROUTER-05,39.11,0.57,476.27
2026-09-05 09:05:00,ROUTER-03,52.8,0.79,519.31
2026-09-05 09:05:30,ROUTER-05,38.67,0.65,407.92
2026-09-05 09:06:00,ROUTER-04,40.83,0.56,530.91
2026-09-05 09:06:30,ROUTER-05,28.9,0.8,483.64
2026-09-05 09:07:00,ROUTER-03,36.15,0.0,640.44
2026-09-05 09:07:30,ROUTER-03,29.72,0.7,625.84
2026-09-05 09:08:00,ROUTER-04,35.36,0.3,462.74
2026-09-05 09:08:30,ROUTER-02,65.8,0.0,487.93
2026-09-05 09:09:00,ROUTER-02,35.76,0.65,494.08
2026-09-05 09:09:30,ROUTER-05,89.49,0.91,463.87
2026-09-05 09:10:00,ROUTER-01,57.4,0.46,515.6
2026-09-05 09:10:30,ROUTER-05,52.77,0.79,439.34
2026-09-05 09:11:00,ROUTER-04,37.12,0.98,409.55
2026-09-05 09:11:30,ROUTER-04,60.5,0.89,549.82
2026-09-05 09:12:00,ROUTER-04,41.37,0.99,550.36
2026-09-05 09:12:30,ROUTER-04,51.83,0.72,435.65
2026-09-05 09:13:00,ROUTER-04,88.4,0.52,571.63
2026-09-05 09:13:30,ROUTER-03,48.56,0.02,449.47
2026-09-05 09:14:00,ROUTER-02,67.24,0.43,520.25
2026-09-05 09:14:30,ROUTER-04,39.45,0.25,565.63
2026-09-05 09:15:00,ROUTER-01,49.48,1.15,497.31
2026-09-05 09:15:30,ROUTER-01,76.56,0.45,536.38
2026-09-05 09:16:00,ROUTER-01,40.6,0.54,458.69
2026-09-05 09:16:30,ROUTER-01,77.19,0.67,484.28
2026-09-05 09:17:00,ROUTER-03,60.62,0.51,483.53
2026-09-05 09:17:30,ROUTER-01,41.56,1.01,440.27
2026-09-05 09:18:00,ROUTER-04,59.49,0.31,485.86
2026-09-05 09:18:30,ROUTER-05,64.59,0.56,376.11
2026-09-05 09:19:00,ROUTER-01,59.33,0.28,460.71
2026-09-05 09:19:30,ROUTER-03,26.45,0.1,477.21
2026-09-05 09:20:00,ROUTER-03,39.09,0.32,479.51
2026-09-05 09:20:30,ROUTER-01,46.29,0.49,480.68
2026-09-05 09:21:00,ROUTER-05,48.88,0.37,495.06
2026-09-05 09:21:30,ROUTER-01,59.31,0.29,538.36
2026-09-05 09:22:00,ROUTER-03,52.67,0.08,569.96
2026-09-05 09:22:30,ROUTER-02,29.97,0.48,448.02
2026-09-05 09:23:00,ROUTER-04,55.7,0.05,403.74
2026-09-05 09:23:30,ROUTER-03,59.16,0.73,416.64
2026-09-05 09:24:00,ROUTER-01,58.4,0.52,461.02
2026-09-05 09:24:30,ROUTER-04,286.67,17.22,66.92
2026-09-05 09:25:00,ROUTER-01,62.51,0.41,438.4
2026-09-05 09:25:30,ROUTER-01,56.89,0.27,396.31
2026-09-05 09:26:00,ROUTER-02,48.95,0.6,463.51
2026-09-05 09:26:30,ROUTER-04,25.09,0.9,514.51
2026-09-05 09:27:00,ROUTER-04,56.44,0.0,547.6
2026-09-05 09:27:30,ROUTER-02,53.12,0.53,455.41
2026-09-05 09:28:00,ROUTER-03,54.07,0.45,466.96
2026-09-05 09:28:30,ROUTER-01,302.16,10.45,107.04
2026-09-05 09:29:00,ROUTER-05,33.78,0.56,497.48
2026-09-05 09:29:30,ROUTER-01,65.8,0.27,432.13
2026-09-05 09:30:00,ROUTER-01,49.41,0.4,545.85
2026-09-05 09:30:30,ROUTER-03,60.22,0.26,357.13
2026-09-05 09:31:00,ROUTER-01,50.42,0.82,471.23
2026-09-05 09:31:30,ROUTER-02,50.45,0.51,524.09
2026-09-05 09:32:00,ROUTER-02,64.07,1.07,514.71
2026-09-05 09:32:30,ROUTER-04,42.26,0.48,715.44
2026-09-05 09:33:00,ROUTER-05,51.44,0.29,527.98
2026-09-05 09:33:30,ROUTER-01,43.07,0.05,419.68
2026-09-05 09:34:00,ROUTER-01,43.48,0.0,492.36
2026-09-05 09:34:30,ROUTER-03,45.36,0.02,357.9
2026-09-05 09:35:00,ROUTER-02,53.33,0.58,493.55
2026-09-05 09:35:30,ROUTER-05,42.82,0.65,433.36
2026-09-05 09:36:00,ROUTER-04,68.84,0.03,573.23
2026-09-05 09:36:30,ROUTER-02,36.58,0.77,456.04
2026-09-05 09:37:00,ROUTER-04,47.2,0.36,490.66
2026-09-05 09:37:30,ROUTER-03,43.4,0.54,449.16
2026-09-05 09:38:00,ROUTER-03,71.7,0.98,639.11
2026-09-05 09:38:30,ROUTER-01,52.95,0.77,474.3
2026-09-05 09:39:00,ROUTER-05,65.48,0.42,646.6
2026-09-05 09:39:30,ROUTER-04,27.72,0.23,565.13
2026-09-05 09:40:00,ROUTER-02,54.01,0.0,538.57
2026-09-05 09:40:30,ROUTER-03,63.34,0.28,529.5
2026-09-05 09:41:00,ROUTER-01,51.23,0.44,531.5
2026-09-05 09:41:30,ROUTER-01,65.98,0.2,345.79
2026-09-05 09:42:00,ROUTER-04,42.24,0.46,477.69
2026-09-05 09:42:30,ROUTER-03,71.14,0.52,567.61
2026-09-05 09:43:00,ROUTER-05,84.48,0.43,496.09
2026-09-05 09:43:30,ROUTER-03,44.56,0.3,387.58
2026-09-05 09:44:00,ROUTER-04,43.32,0.55,495.81
2026-09-05 09:44:30,ROUTER-04,71.8,0.63,636.33
2026-09-05 09:45:00,ROUTER-03,73.69,0.17,599.75
2026-09-05 09:45:30,ROUTER-04,42.16,0.92,495.04
2026-09-05 09:46:00,ROUTER-03,43.7,0.47,576.12
2026-09-05 09:46:30,ROUTER-02,45.77,0.51,470.68
2026-09-05 09:47:00,ROUTER-03,29.83,0.71,363.69
2026-09-05 09:47:30,ROUTER-03,36.22,0.57,426.04
2026-09-05 09:48:00,ROUTER-04,34.94,0.79,625.03
2026-09-05 09:48:30,ROUTER-04,38.48,0.59,478.08
2026-09-05 09:49:00,ROUTER-01,49.48,0.32,480.53
2026-09-05 09:49:30,ROUTER-01,53.51,0.61,476.01
2026-09-05 09:50:00,ROUTER-02,73.26,0.16,652.33
2026-09-05 09:50:30,ROUTER-01,35.02,0.53,630.08
2026-09-05 09:51:00,ROUTER-03,64.76,0.49,677.5
2026-09-05 09:51:30,ROUTER-04,46.79,0.44,487.28
2026-09-05 09:52:00,ROUTER-01,211.8,14.02,204.27
2026-09-05 09:52:30,ROUTER-01,60.12,0.0,378.67
2026-09-05 09:53:00,ROUTER-02,33.16,0.34,618.15
2026-09-05 09:53:30,ROUTER-02,55.74,0.53,406.58
2026-09-05 09:54:00,ROUTER-03,52.5,0.55,517.34
2026-09-05 09:54:30,ROUTER-04,57.39,0.19,412.22
2026-09-05 09:55:00,ROUTER-02,214.18,7.25,163.22
2026-09-05 09:55:30,ROUTER-01,86.83,0.24,433.02
2026-09-05 09:56:00,ROUTER-04,40.43,0.79,451.37
2026-09-05 09:56:30,ROUTER-04,42.04,0.63,456.87
2026-09-05 09:57:00,ROUTER-01,40.65,0.31,456.14
2026-09-05 09:57:30,ROUTER-02,41.67,1.03,566.67
2026-09-05 09:58:00,ROUTER-01,40.44,0.14,411.61
2026-09-05 09:58:30,ROUTER-04,67.84,0.78,517.64
2026-09-05 09:59:00,ROUTER-05,71.31,0.8,597.44
2026-09-05 09:59:30,ROUTER-05,41.44,0.3,458.94
2026-09-05 10:00:00,ROUTER-03,37.51,0.92,442.57
2026-09-05 10:00:30,ROUTER-01,57.07,0.42,481.56
2026-09-05 10:01:00,ROUTER-01,41.72,0.59,594.38
2026-09-05 10:01:30,ROUTER-03,59.49,0.58,515.53
2026-09-05 10:02:00,ROUTER-03,238.75,17.04,113.14
2026-09-05 10:02:30,ROUTER-03,27.26,0.74,538.71
2026-09-05 10:03:00,ROUTER-04,73.21,0.74,411.82
2026-09-05 10:03:30,ROUTER-01,76.94,0.0,554.51
2026-09-05 10:04:00,ROUTER-04,40.81,0.89,532.69
2026-09-05 10:04:30,ROUTER-03,44.18,0.0,475.38
2026-09-05 10:05:00,ROUTER-01,54.29,0.81,432.91
2026-09-05 10:05:30,ROUTER-04,55.02,0.84,429.07
2026-09-05 10:06:00,ROUTER-04,59.88,0.17,542.79
2026-09-05 10:06:30,ROUTER-03,80.15,0.38,598.32
2026-09-05 10:07:00,ROUTER-01,47.35,0.17,449.02
2026-09-05 10:07:30,ROUTER-03,38.03,0.44,536.67
2026-09-05 10:08:00,ROUTER-01,29.31,0.41,333.04
2026-09-05 10:08:30,ROUTER-05,39.04,0.73,453.23
2026-09-05 10:09:00,ROUTER-02,49.5,0.89,497.52
2026-09-05 10:09:30,ROUTER-02,76.92,0.92,427.23
2026-09-05 10:10:00,ROUTER-02,42.24,0.33,425.08
2026-09-05 10:10:30,ROUTER-03,53.36,0.44,446.58
2026-09-05 10:11:00,ROUTER-05,49.75,0.0,523.38
2026-09-05 10:11:30,ROUTER-01,67.83,0.26,485.01
2026-09-05 10:12:00,ROUTER-04,87.9,0.79,320.94
2026-09-05 10:12:30,ROUTER-01,42.04,0.98,330.34
2026-09-05 10:13:00,ROUTER-04,42.66,0.13,451.45
2026-09-05 10:13:30,ROUTER-01,65.66,0.32,536.61
2026-09-05 10:14:00,ROUTER-05,60.23,0.49,280.2
2026-09-05 10:14:30,ROUTER-04,77.7,0.58,460.02
2026-09-05 10:15:00,ROUTER-03,58.76,0.26,457.9
2026-09-05 10:15:30,ROUTER-01,44.61,0.63,611.07
2026-09-05 10:16:00,ROUTER-01,58.86,0.36,469.2
2026-09-05 10:16:30,ROUTER-04,66.63,0.5,530.64
2026-09-05 10:17:00,ROUTER-03,62.31,0.66,511.3
2026-09-05 10:17:30,ROUTER-03,57.61,0.5,329.55
2026-09-05 10:18:00,ROUTER-05,66.0,0.37,561.46
2026-09-05 10:18:30,ROUTER-03,67.54,0.47,517.23
2026-09-05 10:19:00,ROUTER-03,70.73,0.47,540.66
2026-09-05 10:19:30,ROUTER-03,336.97,13.12,93.45
2026-09-05 10:20:00,ROUTER-02,351.26,8.83,60.67
2026-09-05 10:20:30,ROUTER-05,52.2,0.98,637.98
2026-09-05 10:21:00,ROUTER-01,68.1,0.67,477.0
2026-09-05 10:21:30,ROUTER-04,37.75,0.41,522.99
2026-09-05 10:22:00,ROUTER-01,55.53,0.71,496.36
2026-09-05 10:22:30,ROUTER-05,44.1,0.4,466.06
2026-09-05 10:23:00,ROUTER-04,50.43,0.85,454.41
2026-09-05 10:23:30,ROUTER-05,466.21,9.49,88.07
2026-09-05 10:24:00,ROUTER-03,52.87,0.47,378.63
2026-09-05 10:24:30,ROUTER-04,50.7,0.63,560.05
2026-09-05 10:25:00,ROUTER-03,29.6,0.03,466.7
2026-09-05 10:25:30,ROUTER-01,61.19,0.16,409.59
2026-09-05 10:26:00,ROUTER-01,59.68,0.14,464.0
2026-09-05 10:26:30,ROUTER-04,82.45,0.54,600.57
2026-09-05 10:27:00,ROUTER-04,45.38,1.02,457.17
2026-09-05 10:27:30,ROUTER-05,53.29,1.17,528.68
2026-09-05 10:28:00,ROUTER-05,53.74,0.69,441.52
2026-09-05 10:28:30,ROUTER-03,73.66,0.65,560.63
2026-09-05 10:29:00,ROUTER-04,48.57,0.0,554.84
2026-09-05 10:29:30,ROUTER-01,54.19,0.34,647.89
2026-09-05 10:30:00,ROUTER-05,59.12,0.26,485.95
2026-09-05 10:30:30,ROUTER-05,52.8,0.31,553.49
2026-09-05 10:31:00,ROUTER-01,43.3,0.45,507.85
2026-09-05 10:31:30,ROUTER-05,52.91,0.36,603.67
2026-09-05 10:32:00,ROUTER-03,66.1,0.0,442.49
2026-09-05 10:32:30,ROUTER-04,34.6,0.72,559.6
2026-09-05 10:33:00,ROUTER-01,51.99,0.18,484.42
2026-09-05 10:33:30,ROUTER-04,39.5,0.57,494.86
2026-09-05 10:34:00,ROUTER-05,67.93,1.12,507.34
2026-09-05 10:34:30,ROUTER-05,27.15,0.22,520.18
2026-09-05 10:35:00,ROUTER-01,41.62,0.0,490.7
2026-09-05 10:35:30,ROUTER-03,55.66,0.41,517.18
2026-09-05 10:36:00,ROUTER-02,73.48,0.83,626.25
2026-09-05 10:36:30,ROUTER-01,49.01,1.09,578.84
2026-09-05 10:37:00,ROUTER-02,41.67,0.13,569.53
2026-09-05 10:37:30,ROUTER-02,78.22,0.65,463.56
2026-09-05 10:38:00,ROUTER-03,28.28,0.36,428.86
2026-09-05 10:38:30,ROUTER-02,17.02,0.47,576.42
2026-09-05 10:39:00,ROUTER-02,56.6,1.29,570.08
2026-09-05 10:39:30,ROUTER-03,42.47,0.05,617.81
2026-09-05 10:40:00,ROUTER-02,34.68,0.58,451.68
2026-09-05 10:40:30,ROUTER-02,60.63,0.64,481.64
2026-09-05 10:41:00,ROUTER-02,53.66,0.83,368.84
2026-09-05 10:41:30,ROUTER-01,41.54,0.53,468.6
2026-09-05 10:42:00,ROUTER-01,30.8,0.59,579.73
2026-09-05 10:42:30,ROUTER-01,63.09,0.38,462.68
2026-09-05 10:43:00,ROUTER-03,59.75,0.58,551.24
2026-09-05 10:43:30,ROUTER-05,48.51,0.4,484.76
2026-09-05 10:44:00,ROUTER-02,272.49,6.99,93.75
2026-09-05 10:44:30,ROUTER-02,33.95,0.39,408.18
2026-09-05 10:45:00,ROUTER-03,27.12,0.61,506.82
2026-09-05 10:45:30,ROUTER-02,39.62,0.49,260.71
2026-09-05 10:46:00,ROUTER-01,49.32,0.84,485.05
2026-09-05 10:46:30,ROUTER-05,53.65,0.48,369.56
2026-09-05 10:47:00,ROUTER-04,46.38,0.0,596.48
2026-09-05 10:47:30,ROUTER-02,55.28,0.88,562.19
2026-09-05 10:48:00,ROUTER-01,31.23,0.23,537.33
2026-09-05 10:48:30,ROUTER-04,71.66,0.3,621.68
2026-09-05 10:49:00,ROUTER-05,48.77,0.32,424.09
2026-09-05 10:49:30,ROUTER-04,66.76,0.91,639.79
2026-09-05 10:50:00,ROUTER-01,55.14,0.0,574.58
2026-09-05 10:50:30,ROUTER-04,56.85,1.44,481.08
2026-09-05 10:51:00,ROUTER-03,58.55,0.82,590.85
2026-09-05 10:51:30,ROUTER-04,56.72,0.57,411.5
2026-09-05 10:52:00,ROUTER-02,59.64,0.48,434.04
2026-09-05 10:52:30,ROUTER-02,69.94,0.59,451.31
2026-09-05 10:53:00,ROUTER-03,52.95,0.66,457.68
2026-09-05 10:53:30,ROUTER-01,60.64,0.69,415.48
2026-09-05 10:54:00,ROUTER-02,48.65,0.67,597.85
2026-09-05 10:54:30,ROUTER-05,71.6,0.53,479.29
2026-09-05 10:55:00,ROUTER-02,39.85,0.44,528.2
2026-09-05 10:55:30,ROUTER-02,77.01,0.45,454.37
2026-09-05 10:56:00,ROUTER-01,49.4,0.44,354.35
2026-09-05 10:56:30,ROUTER-04,28.54,0.84,521.6
2026-09-05 10:57:00,ROUTER-02,51.92,0.68,347.02
2026-09-05 10:57:30,ROUTER-03,39.78,0.0,494.51
2026-09-05 10:58:00,ROUTER-04,62.61,0.7,390.53
2026-09-05 10:58:30,ROUTER-05,439.91,17.29,147.17
2026-09-05 10:59:00,ROUTER-01,43.31,0.49,572.91
2026-09-05 10:59:30,ROUTER-05,21.66,0.38,508.46
2026-09-05 11:00:00,ROUTER-04,43.22,0.84,601.1
2026-09-05 11:00:30,ROUTER-04,234.28,11.55,68.16
2026-09-05 11:01:00,ROUTER-04,26.24,0.27,543.48
2026-09-05 11:01:30,ROUTER-05,61.41,0.62,515.98
2026-09-05 11:02:00,ROUTER-04,61.79,0.21,521.12
2026-09-05 11:02:30,ROUTER-05,56.38,0.09,601.79
2026-09-05 11:03:00,ROUTER-04,35.5,0.31,558.6
2026-09-05 11:03:30,ROUTER-03,49.28,0.76,523.1
2026-09-05 11:04:00,ROUTER-04,49.95,0.79,367.61
2026-09-05 11:04:30,ROUTER-05,32.62,0.65,423.2
2026-09-05 11:05:00,ROUTER-02,319.85,20.38,114.23
2026-09-05 11:05:30,ROUTER-04,63.16,0.65,507.47
2026-09-05 11:06:00,ROUTER-02,46.69,0.31,409.58
2026-09-05 11:06:30,ROUTER-03,50.4,0.63,692.93
2026-09-05 11:07:00,ROUTER-01,53.13,0.74,621.31
2026-09-05 11:07:30,ROUTER-03,19.37,0.73,548.17
2026-09-05 11:08:00,ROUTER-04,203.07,16.25,182.13
2026-09-05 11:08:30,ROUTER-02,39.77,0.71,483.02
2026-09-05 11:09:00,ROUTER-02,34.98,0.61,423.85
2026-09-05 11:09:30,ROUTER-05,45.78,0.82,506.2
2026-09-05 11:10:00,ROUTER-02,273.04,19.72,140.96
2026-09-05 11:10:30,ROUTER-05,59.61,0.24,400.66
2026-09-05 11:11:00,ROUTER-01,41.43,0.45,526.73
2026-09-05 11:11:30,ROUTER-04,58.59,0.28,487.58
2026-09-05 11:12:00,ROUTER-05,70.99,0.3,347.38
2026-09-05 11:12:30,ROUTER-01,63.87,0.46,431.17
2026-09-05 11:13:00,ROUTER-02,50.89,0.26,466.91
2026-09-05 11:13:30,ROUTER-02,40.3,0.41,651.02
2026-09-05 11:14:00,ROUTER-01,60.47,0.0,544.52
2026-09-05 11:14:30,ROUTER-02,55.9,0.56,393.16
2026-09-05 11:15:00,ROUTER-01,63.43,0.5,538.88
2026-09-05 11:15:30,ROUTER-05,59.53,0.25,376.22
2026-09-05 11:16:00,ROUTER-05,65.74,0.7,586.62
2026-09-05 11:16:30,ROUTER-01,325.86,11.87,170.44
2026-09-05 11:17:00,ROUTER-05,69.76,0.02,492.51
2026-09-05 11:17:30,ROUTER-05,322.21,7.81,236.36
2026-09-05 11:18:00,ROUTER-05,81.13,0.27,397.03
2026-09-05 11:18:30,ROUTER-03,39.66,0.22,388.23
2026-09-05 11:19:00,ROUTER-04,76.04,0.75,453.31
2026-09-05 11:19:30,ROUTER-02,52.97,0.44,583.07
2026-09-05 11:20:00,ROUTER-03,40.23,0.42,378.45
2026-09-05 11:20:30,ROUTER-05,42.74,0.0,273.43
2026-09-05 11:21:00,ROUTER-01,45.19,0.69,463.91
2026-09-05 11:21:30,ROUTER-05,56.36,0.13,544.14
2026-09-05 11:22:00,ROUTER-04,57.84,0.52,596.02
2026-09-05 11:22:30,ROUTER-05,41.39,0.58,462.95
2026-09-05 11:23:00,ROUTER-01,49.63,0.91,467.09
2026-09-05 11:23:30,ROUTER-04,82.13,0.11,592.31
2026-09-05 11:24:00,ROUTER-05,75.91,0.0,350.42
2026-09-05 11:24:30,ROUTER-04,56.54,0.56,468.92
2026-09-05 11:25:00,ROUTER-02,50.57,1.04,515.23
2026-09-05 11:25:30,ROUTER-02,51.8,0.87,535.94
2026-09-05 11:26:00,ROUTER-05,59.2,0.56,459.22
2026-09-05 11:26:30,ROUTER-04,218.27,13.42,106.39
2026-09-05 11:27:00,ROUTER-01,46.14,0.74,300.93
2026-09-05 11:27:30,ROUTER-05,24.97,0.21,447.34
2026-09-05 11:28:00,ROUTER-02,55.99,0.64,536.28
2026-09-05 11:28:30,ROUTER-02,59.71,0.65,421.42
2026-09-05 11:29:00,ROUTER-05,42.75,0.82,504.72
2026-09-05 11:29:30,ROUTER-04,73.61,1.33,535.75
2026-09-05 11:30:00,ROUTER-02,31.61,0.62,472.6
2026-09-05 11:30:30,ROUTER-04,28.03,0.35,513.64
2026-09-05 11:31:00,ROUTER-02,348.0,17.4,115.46
2026-09-05 11:31:30,ROUTER-02,65.71,0.0,483.47
2026-09-05 11:32:00,ROUTER-03,75.26,0.29,548.82
2026-09-05 11:32:30,ROUTER-02,43.12,0.38,512.56
2026-09-05 11:33:00,ROUTER-01,66.18,0.34,453.08
2026-09-05 11:33:30,ROUTER-05,49.42,0.55,517.94
2026-09-05 11:34:00,ROUTER-05,47.41,0.25,557.17
2026-09-05 11:34:30,ROUTER-04,63.25,0.84,336.0
2026-09-05 11:35:00,ROUTER-02,59.78,0.5,592.73
2026-09-05 11:35:30,ROUTER-01,26.35,0.5,473.1
2026-09-05 11:36:00,ROUTER-04,72.15,0.4,534.04
2026-09-05 11:36:30,ROUTER-03,70.7,0.55,595.78
2026-09-05 11:37:00,ROUTER-04,40.62,0.75,390.27
2026-09-05 11:37:30,ROUTER-04,55.94,0.24,443.24
2026-09-05 11:38:00,ROUTER-02,453.34,10.33,111.43
2026-09-05 11:38:30,ROUTER-03,53.91,0.41,437.3
2026-09-05 11:39:00,ROUTER-04,41.75,0.1,638.79
2026-09-05 11:39:30,ROUTER-01,39.93,0.25,431.46
2026-09-05 11:40:00,ROUTER-01,49.62,0.36,455.56
2026-09-05 11:40:30,ROUTER-05,67.59,0.76,516.35
2026-09-05 11:41:00,ROUTER-03,58.15,0.58,403.83
2026-09-05 11:41:30,ROUTER-03,44.44,0.56,468.35
2026-09-05 11:42:00,ROUTER-05,61.58,0.76,525.4
2026-09-05 11:42:30,ROUTER-04,7.27,0.46,473.37
2026-09-05 11:43:00,ROUTER-03,67.23,0.62,492.53
2026-09-05 11:43:30,ROUTER-01,23.9,0.47,457.65
2026-09-05 11:44:00,ROUTER-01,44.56,0.58,378.84
2026-09-05 11:44:30,ROUTER-02,33.2,0.33,525.73
2026-09-05 11:45:00,ROUTER-03,30.58,0.0,640.39
2026-09-05 11:45:30,ROUTER-04,67.41,0.46,501.47
2026-09-05 11:46:00,ROUTER-05,42.98,0.93,518.02
2026-09-05 11:46:30,ROUTER-05,55.2,0.78,555.42
2026-09-05 11:47:00,ROUTER-04,49.3,0.79,398.45
2026-09-05 11:47:30,ROUTER-02,57.16,0.87,636.2
2026-09-05 11:48:00,ROUTER-05,309.36,13.53,105.52
2026-09-05 11:48:30,ROUTER-03,30.76,0.56,630.55
2026-09-05 11:49:00,ROUTER-02,64.94,0.31,441.36
2026-09-05 11:49:30,ROUTER-03,42.59,0.41,645.44
2026-09-05 11:50:00,ROUTER-01,26.65,0.68,562.01
2026-09-05 11:50:30,ROUTER-02,43.58,0.86,544.24
2026-09-05 11:51:00,ROUTER-05,72.51,0.46,518.72
2026-09-05 11:51:30,ROUTER-02,62.75,0.36,480.12
2026-09-05 11:52:00,ROUTER-02,417.56,10.05,61.23
2026-09-05 11:52:30,ROUTER-02,44.76,0.68,511.23
2026-09-05 11:53:00,ROUTER-02,45.18,0.07,342.63
2026-09-05 11:53:30,ROUTER-03,81.15,0.0,410.63
2026-09-05 11:54:00,ROUTER-01,385.84,5.43,174.18
2026-09-05 11:54:30,ROUTER-04,56.45,0.13,524.8
2026-09-05 11:55:00,ROUTER-02,65.45,0.35,495.47
2026-09-05 11:55:30,ROUTER-05,53.58,0.46,597.52
2026-09-05 11:56:00,ROUTER-02,46.11,0.36,343.91
2026-09-05 11:56:30,ROUTER-05,47.05,0.94,511.49
2026-09-05 11:57:00,ROUTER-03,48.93,0.6,354.56
2026-09-05 11:57:30,ROUTER-05,49.44,0.59,560.78
2026-09-05 11:58:00,ROUTER-04,60.91,0.69,492.44
2026-09-05 11:58:30,ROUTER-01,50.78,0.16,533.57
2026-09-05 11:59:00,ROUTER-05,60.99,0.81,430.89
2026-09-05 11:59:30,ROUTER-05,48.79,0.48,602.36
2026-09-05 12:00:00,ROUTER-01,51.18,0.7,583.34
2026-09-05 12:00:30,ROUTER-04,20.03,0.18,546.68
2026-09-05 12:01:00,ROUTER-02,63.74,0.03,489.64
2026-09-05 12:01:30,ROUTER-05,55.2,0.75,546.39
2026-09-05 12:02:00,ROUTER-01,64.97,0.61,443.45
2026-09-05 12:02:30,ROUTER-03,6.56,0.23,568.44
2026-09-05 12:03:00,ROUTER-01,81.33,0.24,631.96
2026-09-05 12:03:30,ROUTER-03,47.91,0.84,585.65
2026-09-05 12:04:00,ROUTER-04,66.62,0.14,441.63
2026-09-05 12:04:30,ROUTER-02,34.4,0.99,528.91
2026-09-05 12:05:00,ROUTER-01,310.43,11.71,155.63
2026-09-05 12:05:30,ROUTER-05,34.2,0.69,545.79
2026-09-05 12:06:00,ROUTER-04,40.64,0.4,536.05
2026-09-05 12:06:30,ROUTER-01,78.71,0.68,350.41
2026-09-05 12:07:00,ROUTER-05,47.14,0.34,407.06
2026-09-05 12:07:30,ROUTER-01,53.26,0.45,477.35
2026-09-05 12:08:00,ROUTER-03,63.05,0.51,475.93
2026-09-05 12:08:30,ROUTER-01,57.44,0.2,403.24
2026-09-05 12:09:00,ROUTER-01,52.26,0.72,531.12
2026-09-05 12:09:30,ROUTER-01,55.47,0.35,520.12
2026-09-05 12:10:00,ROUTER-04,86.05,0.43,484.46
2026-09-05 12:10:30,ROUTER-01,49.14,0.2,439.54
2026-09-05 12:11:00,ROUTER-05,53.02,0.0,583.9
2026-09-05 12:11:30,ROUTER-03,65.76,0.44,632.43
2026-09-05 12:12:00,ROUTER-03,66.58,1.22,461.32
2026-09-05 12:12:30,ROUTER-01,67.81,0.74,451.03
2026-09-05 12:13:00,ROUTER-04,59.58,0.49,539.3
2026-09-05 12:13:30,ROUTER-04,32.85,0.42,471.36
2026-09-05 12:14:00,ROUTER-05,74.5,0.51,488.85
2026-09-05 12:14:30,ROUTER-01,32.8,0.66,559.17
2026-09-05 12:15:00,ROUTER-03,54.54,0.15,347.25
2026-09-05 12:15:30,ROUTER-04,38.69,0.83,605.46
2026-09-05 12:16:00,ROUTER-01,49.04,0.71,505.81
2026-09-05 12:16:30,ROUTER-04,54.93,0.72,467.08
2026-09-05 12:17:00,ROUTER-04,54.82,0.63,492.86
2026-09-05 12:17:30,ROUTER-03,56.33,0.51,496.99
2026-09-05 12:18:00,ROUTER-02,74.21,0.7,361.5
2026-09-05 12:18:30,ROUTER-05,56.8,0.68,619.6
2026-09-05 12:19:00,ROUTER-05,46.34,0.39,503.31
2026-09-05 12:19:30,ROUTER-03,64.46,0.33,535.44
2026-09-05 12:20:00,ROUTER-04,67.84,0.53,576.12
2026-09-05 12:20:30,ROUTER-01,31.59,0.96,418.31
2026-09-05 12:21:00,ROUTER-04,58.96,0.13,537.88
2026-09-05 12:21:30,ROUTER-03,60.52,0.06,478.59
2026-09-05 12:22:00,ROUTER-05,45.54,0.55,567.74
2026-09-05 12:22:30,ROUTER-04,70.64,0.52,329.82
2026-09-05 12:23:00,ROUTER-05,47.75,0.55,492.07
2026-09-05 12:23:30,ROUTER-01,51.88,0.57,451.77
2026-09-05 12:24:00,ROUTER-05,47.4,0.43,534.58
2026-09-05 12:24:30,ROUTER-05,50.23,0.95,537.6
2026-09-05 12:25:00,ROUTER-02,33.56,0.02,443.39
2026-09-05 12:25:30,ROUTER-02,28.4,0.25,443.03
2026-09-05 12:26:00,ROUTER-02,73.92,0.47,491.15
2026-09-05 12:26:30,ROUTER-05,37.3,0.01,428.27
2026-09-05 12:27:00,ROUTER-03,35.13,0.45,567.36
2026-09-05 12:27:30,ROUTER-05,17.7,1.0,470.46
2026-09-05 12:28:00,ROUTER-03,40.42,0.51,267.44
2026-09-05 12:28:30,ROUTER-03,30.15,0.57,470.01
2026-09-05 12:29:00,ROUTER-02,74.63,0.12,416.92
2026-09-05 12:29:30,ROUTER-04,65.15,0.32,369.5
2026-09-05 12:30:00,ROUTER-01,39.68,0.39,401.01
2026-09-05 12:30:30,ROUTER-02,83.79,0.4,508.75
2026-09-05 12:31:00,ROUTER-02,64.73,0.88,606.29
2026-09-05 12:31:30,ROUTER-04,45.13,0.67,525.05
2026-09-05 12:32:00,ROUTER-01,12.51,0.17,451.48
2026-09-05 12:32:30,ROUTER-05,84.36,0.57,536.47
2026-09-05 12:33:00,ROUTER-05,29.16,0.65,463.27
2026-09-05 12:33:30,ROUTER-02,25.32,0.84,444.43
2026-09-05 12:34:00,ROUTER-01,65.34,0.97,407.65
2026-09-05 12:34:30,ROUTER-02,86.6,0.2,359.85
2026-09-05 12:35:00,ROUTER-03,70.76,0.26,468.81
2026-09-05 12:35:30,ROUTER-02,58.46,0.12,512.64
2026-09-05 12:36:00,ROUTER-02,58.92,0.43,492.27
2026-09-05 12:36:30,ROUTER-05,62.8,0.64,466.72
2026-09-05 12:37:00,ROUTER-05,61.38,0.8,424.34
2026-09-05 12:37:30,ROUTER-05,54.22,0.48,548.66
2026-09-05 12:38:00,ROUTER-03,51.56,0.4,394.63
2026-09-05 12:38:30,ROUTER-05,49.06,0.55,562.08
2026-09-05 12:39:00,ROUTER-01,38.69,0.25,419.82
2026-09-05 12:39:30,ROUTER-04,45.79,1.13,439.81
2026-09-05 12:40:00,ROUTER-01,24.61,0.02,382.66
2026-09-05 12:40:30,ROUTER-01,48.52,0.56,459.89
2026-09-05 12:41:00,ROUTER-05,35.17,1.11,578.02
2026-09-05 12:41:30,ROUTER-04,33.45,0.5,541.25
2026-09-05 12:42:00,ROUTER-04,52.7,0.44,578.27
2026-09-05 12:42:30,ROUTER-04,70.88,0.39,541.77
2026-09-05 12:43:00,ROUTER-03,63.77,0.45,411.71
2026-09-05 12:43:30,ROUTER-05,26.44,0.91,473.54
2026-09-05 12:44:00,ROUTER-04,35.16,0.0,437.58
2026-09-05 12:44:30,ROUTER-03,64.11,0.96,606.45
2026-09-05 12:45:00,ROUTER-02,35.26,0.07,404.26
2026-09-05 12:45:30,ROUTER-02,210.37,12.68,133.4
2026-09-05 12:46:00,ROUTER-03,58.25,0.37,571.44
2026-09-05 12:46:30,ROUTER-03,35.47,0.68,646.37
2026-09-05 12:47:00,ROUTER-05,51.58,0.02,467.23
2026-09-05 12:47:30,ROUTER-05,403.47,13.11,143.61
2026-09-05 12:48:00,ROUTER-02,40.98,1.11,682.53
2026-09-05 12:48:30,ROUTER-04,444.51,10.66,87.73
2026-09-05 12:49:00,ROUTER-02,26.11,0.56,377.2
2026-09-05 12:49:30,ROUTER-04,56.61,0.3,349.6
2026-09-05 12:50:00,ROUTER-04,49.71,0.63,557.02
2026-09-05 12:50:30,ROUTER-05,58.29,0.51,349.35
2026-09-05 12:51:00,ROUTER-01,53.36,0.31,470.21
2026-09-05 12:51:30,ROUTER-01,70.46,0.65,534.99
2026-09-05 12:52:00,ROUTER-03,51.88,1.04,514.81
2026-09-05 12:52:30,ROUTER-05,43.56,0.44,534.04
2026-09-05 12:53:00,ROUTER-04,51.83,0.72,517.78
2026-09-05 12:53:30,ROUTER-01,58.15,0.11,602.31
2026-09-05 12:54:00,ROUTER-04,50.73,0.21,423.81
2026-09-05 12:54:30,ROUTER-01,50.61,0.64,445.84
2026-09-05 12:55:00,ROUTER-01,39.47,0.95,438.19
2026-09-05 12:55:30,ROUTER-01,40.06,0.61,566.42
2026-09-05 12:56:00,ROUTER-05,28.96,0.41,572.03
2026-09-05 12:56:30,ROUTER-02,76.24,0.5,536.1
2026-09-05 12:57:00,ROUTER-04,31.34,0.12,594.68
2026-09-05 12:57:30,ROUTER-05,421.33,13.84,130.22
2026-09-05 12:58:00,ROUTER-05,39.22,0.76,633.38
2026-09-05 12:58:30,ROUTER-05,63.42,0.36,621.86
2026-09-05 12:59:00,ROUTER-05,45.58,0.36,558.85
2026-09-05 12:59:30,ROUTER-05,68.72,0.58,642.54
2026-09-05 13:00:00,ROUTER-03,39.9,0.37,367.47
2026-09-05 13:00:30,ROUTER-04,54.18,0.48,458.04
2026-09-05 13:01:00,ROUTER-05,37.47,1.13,441.18
2026-09-05 13:01:30,ROUTER-04,82.18,0.43,557.72
2026-09-05 13:02:00,ROUTER-03,184.81,20.32,162.24
2026-09-05 13:02:30,ROUTER-03,54.65,0.31,560.6
2026-09-05 13:03:00,ROUTER-04,59.51,0.72,609.64
2026-09-05 13:03:30,ROUTER-01,56.21,0.45,555.62
2026-09-05 13:04:00,ROUTER-02,47.22,0.31,522.7
2026-09-05 13:04:30,ROUTER-01,48.05,0.9,420.97
2026-09-05 13:05:00,ROUTER-01,50.66,0.93,432.25
2026-09-05 13:05:30,ROUTER-01,47.79,0.32,599.97
2026-09-05 13:06:00,ROUTER-05,64.46,0.0,562.35
2026-09-05 13:06:30,ROUTER-03,83.16,0.8,496.88
2026-09-05 13:07:00,ROUTER-01,41.64,0.29,466.57
2026-09-05 13:07:30,ROUTER-03,29.45,0.74,337.94
2026-09-05 13:08:00,ROUTER-04,48.68,0.0,414.33
2026-09-05 13:08:30,ROUTER-02,88.7,0.77,652.91
2026-09-05 13:09:00,ROUTER-04,257.7,10.34,76.67
2026-09-05 13:09:30,ROUTER-04,74.59,0.72,515.16
2026-09-05 13:10:00,ROUTER-05,75.17,0.5,580.6
2026-09-05 13:10:30,ROUTER-02,41.7,0.21,399.61
2026-09-05 13:11:00,ROUTER-04,443.52,11.97,176.57
2026-09-05 13:11:30,ROUTER-04,74.43,0.71,575.03
2026-09-05 13:12:00,ROUTER-02,44.31,0.53,501.0
2026-09-05 13:12:30,ROUTER-02,46.95,0.68,729.47
2026-09-05 13:13:00,ROUTER-04,41.27,1.09,366.51
2026-09-05 13:13:30,ROUTER-02,34.78,0.03,584.7
2026-09-05 13:14:00,ROUTER-04,40.26,0.99,486.18
2026-09-05 13:14:30,ROUTER-04,31.64,0.53,561.75
2026-09-05 13:15:00,ROUTER-05,313.72,20.08,115.56
2026-09-05 13:15:30,ROUTER-01,38.45,0.1,441.35
2026-09-05 13:16:00,ROUTER-04,53.51,0.44,518.32
2026-09-05 13:16:30,ROUTER-03,26.66,0.78,351.37
2026-09-05 13:17:00,ROUTER-01,54.96,0.46,548.26
2026-09-05 13:17:30,ROUTER-01,62.5,0.95,523.85
2026-09-05 13:18:00,ROUTER-01,20.09,0.06,551.09
2026-09-05 13:18:30,ROUTER-05,55.61,0.5,584.65
2026-09-05 13:19:00,ROUTER-04,68.42,0.12,529.41
2026-09-05 13:19:30,ROUTER-05,31.86,0.61,511.85
2026-09-05 13:20:00,ROUTER-04,75.09,0.77,429.51
2026-09-05 13:20:30,ROUTER-05,428.14,18.17,86.96
2026-09-05 13:21:00,ROUTER-05,39.42,0.0,594.94
2026-09-05 13:21:30,ROUTER-03,49.16,0.56,614.91
2026-09-05 13:22:00,ROUTER-05,58.37,0.63,480.95
2026-09-05 13:22:30,ROUTER-02,51.14,0.62,503.68
2026-09-05 13:23:00,ROUTER-03,58.08,0.87,427.63
2026-09-05 13:23:30,ROUTER-05,36.19,0.18,593.82
2026-09-05 13:24:00,ROUTER-01,52.54,0.7,553.23
2026-09-05 13:24:30,ROUTER-02,28.79,0.86,655.3
2026-09-05 13:25:00,ROUTER-02,349.81,8.86,102.01
2026-09-05 13:25:30,ROUTER-02,36.44,0.6,469.76
2026-09-05 13:26:00,ROUTER-03,38.97,0.35,518.52
2026-09-05 13:26:30,ROUTER-05,68.54,0.48,551.72
2026-09-05 13:27:00,ROUTER-05,66.37,0.6,482.75
2026-09-05 13:27:30,ROUTER-01,59.14,0.35,430.16
2026-09-05 13:28:00,ROUTER-01,33.62,0.3,570.51
2026-09-05 13:28:30,ROUTER-02,45.25,0.51,557.69
2026-09-05 13:29:00,ROUTER-01,68.2,0.17,426.7
2026-09-05 13:29:30,ROUTER-03,52.13,0.17,608.44
2026-09-05 13:30:00,ROUTER-05,84.79,0.7,593.62
2026-09-05 13:30:30,ROUTER-02,55.9,0.16,510.74
2026-09-05 13:31:00,ROUTER-01,52.88,0.7,506.37
2026-09-05 13:31:30,ROUTER-03,45.36,0.64,544.32
2026-09-05 13:32:00,ROUTER-03,52.0,0.0,431.06
2026-09-05 13:32:30,ROUTER-01,47.71,0.3,502.4
2026-09-05 13:33:00,ROUTER-05,60.62,0.86,327.81
2026-09-05 13:33:30,ROUTER-01,64.35,0.21,570.12
2026-09-05 13:34:00,ROUTER-02,38.21,0.36,375.08
2026-09-05 13:34:30,ROUTER-01,30.03,0.64,620.27
2026-09-05 13:35:00,ROUTER-03,22.46,0.74,473.59
2026-09-05 13:35:30,ROUTER-01,57.62,0.42,483.07
2026-09-05 13:36:00,ROUTER-05,33.45,0.32,449.78
2026-09-05 13:36:30,ROUTER-04,17.71,0.93,476.96
2026-09-05 13:37:00,ROUTER-01,55.83,1.02,613.48
2026-09-05 13:37:30,ROUTER-05,87.39,0.79,300.98
2026-09-05 13:38:00,ROUTER-05,49.91,0.53,602.16
2026-09-05 13:38:30,ROUTER-03,62.58,0.26,527.04
2026-09-05 13:39:00,ROUTER-05,51.23,0.25,403.44
2026-09-05 13:39:30,ROUTER-05,48.52,0.66,413.98
2026-09-05 13:40:00,ROUTER-05,437.11,13.7,110.52
2026-09-05 13:40:30,ROUTER-05,45.65,0.92,424.36
2026-09-05 13:41:00,ROUTER-02,54.01,0.7,407.73
2026-09-05 13:41:30,ROUTER-02,54.83,0.05,590.99
2026-09-05 13:42:00,ROUTER-03,39.98,0.82,527.08
2026-09-05 13:42:30,ROUTER-01,64.88,0.2,424.97
2026-09-05 13:43:00,ROUTER-05,47.38,0.38,517.33
2026-09-05 13:43:30,ROUTER-01,38.66,0.58,417.94
2026-09-05 13:44:00,ROUTER-01,58.05,1.1,588.07
2026-09-05 13:44:30,ROUTER-03,36.52,1.43,584.91
2026-09-05 13:45:00,ROUTER-05,50.42,0.68,542.56
2026-09-05 13:45:30,ROUTER-05,49.86,0.45,528.93
2026-09-05 13:46:00,ROUTER-04,66.29,0.66,640.9
2026-09-05 13:46:30,ROUTER-01,57.12,0.77,499.97
2026-09-05 13:47:00,ROUTER-01,49.62,0.4,405.45
2026-09-05 13:47:30,ROUTER-02,62.27,1.04,535.96
2026-09-05 13:48:00,ROUTER-04,70.85,0.57,666.88
2026-09-05 13:48:30,ROUTER-02,58.37,0.65,418.82
2026-09-05 13:49:00,ROUTER-02,50.16,0.7,471.08
2026-09-05 13:49:30,ROUTER-02,30.32,0.63,533.32
2026-09-05 13:50:00,ROUTER-03,34.02,0.75,495.69
2026-09-05 13:50:30,ROUTER-03,45.42,0.31,421.42
2026-09-05 13:51:00,ROUTER-02,40.86,0.33,589.75
2026-09-05 13:51:30,ROUTER-04,47.2,0.17,685.6
2026-09-05 13:52:00,ROUTER-01,50.85,0.63,515.69
2026-09-05 13:52:30,ROUTER-04,57.95,0.73,427.67
2026-09-05 13:53:00,ROUTER-05,48.94,0.64,376.08
2026-09-05 13:53:30,ROUTER-03,57.3,1.0,520.64
2026-09-05 13:54:00,ROUTER-01,50.97,0.5,588.31
2026-09-05 13:54:30,ROUTER-01,20.37,0.7,538.01
2026-09-05 13:55:00,ROUTER-05,35.91,0.17,499.81
2026-09-05 13:55:30,ROUTER-05,47.84,0.38,452.86
2026-09-05 13:56:00,ROUTER-02,31.85,0.71,412.63
2026-09-05 13:56:30,ROUTER-03,59.0,0.75,566.78
2026-09-05 13:57:00,ROUTER-03,72.96,0.41,573.1
2026-09-05 13:57:30,ROUTER-04,68.28,0.48,376.34
2026-09-05 13:58:00,ROUTER-02,46.8,0.04,627.19
2026-09-05 13:58:30,ROUTER-02,72.36,0.39,545.93
2026-09-05 13:59:00,ROUTER-02,392.7,10.08,237.1
2026-09-05 13:59:30,ROUTER-02,44.94,0.67,392.63
2026-09-05 14:00:00,ROUTER-03,40.8,0.65,390.73
2026-09-05 14:00:30,ROUTER-03,45.46,0.51,488.08
2026-09-05 14:01:00,ROUTER-02,44.18,0.5,540.22
2026-09-05 14:01:30,ROUTER-04,52.56,0.3,643.71
2026-09-05 14:02:00,ROUTER-01,52.41,0.71,556.49
2026-09-05 14:02:30,ROUTER-01,50.05,0.63,480.59
2026-09-05 14:03:00,ROUTER-04,56.55,0.65,417.89
2026-09-05 14:03:30,ROUTER-02,67.86,0.34,598.4
2026-09-05 14:04:00,ROUTER-03,64.24,0.0,422.82
2026-09-05 14:04:30,ROUTER-01,355.14,20.0,159.67
2026-09-05 14:05:00,ROUTER-05,11.69,0.36,477.25
2026-09-05 14:05:30,ROUTER-05,64.01,0.24,627.25
2026-09-05 14:06:00,ROUTER-04,29.5,0.71,554.31
2026-09-05 14:06:30,ROUTER-02,46.63,0.38,489.04
2026-09-05 14:07:00,ROUTER-01,32.45,0.82,458.45
2026-09-05 14:07:30,ROUTER-02,22.97,0.69,472.73
2026-09-05 14:08:00,ROUTER-01,58.12,0.71,534.27
2026-09-05 14:08:30,ROUTER-04,61.39,0.09,506.17
2026-09-05 14:09:00,ROUTER-04,41.35,0.86,452.5
2026-09-05 14:09:30,ROUTER-05,11.13,0.58,486.75
2026-09-05 14:10:00,ROUTER-02,41.81,0.39,506.29
2026-09-05 14:10:30,ROUTER-05,55.88,0.54,329.7
2026-09-05 14:11:00,ROUTER-02,27.82,0.0,536.65
2026-09-05 14:11:30,ROUTER-05,52.75,0.62,421.62
2026-09-05 14:12:00,ROUTER-03,49.77,0.19,407.73
2026-09-05 14:12:30,ROUTER-03,58.69,0.09,365.01
2026-09-05 14:13:00,ROUTER-03,51.79,0.04,356.49
2026-09-05 14:13:30,ROUTER-03,35.4,0.83,391.56
2026-09-05 14:14:00,ROUTER-01,67.95,0.31,443.28
2026-09-05 14:14:30,ROUTER-03,47.62,0.96,656.26
2026-09-05 14:15:00,ROUTER-04,49.59,0.34,457.93
2026-09-05 14:15:30,ROUTER-04,36.0,0.0,514.22
2026-09-05 14:16:00,ROUTER-01,43.35,0.17,532.04
2026-09-05 14:16:30,ROUTER-03,36.73,0.87,510.49
2026-09-05 14:17:00,ROUTER-03,47.41,0.45,493.8
2026-09-05 14:17:30,ROUTER-03,75.68,0.34,404.38
2026-09-05 14:18:00,ROUTER-05,29.42,0.55,616.07
2026-09-05 14:18:30,ROUTER-02,25.8,0.65,644.58
2026-09-05 14:19:00,ROUTER-05,72.07,0.84,365.39
2026-09-05 14:19:30,ROUTER-02,46.86,0.93,418.08
2026-09-05 14:20:00,ROUTER-03,39.96,0.39,477.62
2026-09-05 14:20:30,ROUTER-03,65.6,0.1,422.84
2026-09-05 14:21:00,ROUTER-05,40.92,0.38,540.48
2026-09-05 14:21:30,ROUTER-05,77.39,0.58,441.74
2026-09-05 14:22:00,ROUTER-02,60.17,0.21,673.2
2026-09-05 14:22:30,ROUTER-04,42.68,0.21,595.24
2026-09-05 14:23:00,ROUTER-02,82.36,0.6,517.01
2026-09-05 14:23:30,ROUTER-05,40.91,0.49,582.16
2026-09-05 14:24:00,ROUTER-05,61.13,0.51,588.47
2026-09-05 14:24:30,ROUTER-01,54.49,0.27,454.88
2026-09-05 14:25:00,ROUTER-05,69.53,0.43,434.7
2026-09-05 14:25:30,ROUTER-01,73.42,0.22,506.25
2026-09-05 14:26:00,ROUTER-04,50.48,0.77,568.93
2026-09-05 14:26:30,ROUTER-02,38.7,0.81,511.12
2026-09-05 14:27:00,ROUTER-02,56.9,0.0,373.84
2026-09-05 14:27:30,ROUTER-01,39.83,0.22,435.77
2026-09-05 14:28:00,ROUTER-02,80.2,0.05,494.08
2026-09-05 14:28:30,ROUTER-05,52.05,0.3,493.95
2026-09-05 14:29:00,ROUTER-03,44.52,0.47,657.8
2026-09-05 14:29:30,ROUTER-01,288.53,12.72,66.73
2026-09-05 14:30:00,ROUTER-02,29.79,0.22,540.45
2026-09-05 14:30:30,ROUTER-01,35.43,0.2,619.13
2026-09-05 14:31:00,ROUTER-01,68.01,0.56,681.72
2026-09-05 14:31:30,ROUTER-03,40.15,0.52,467.65
2026-09-05 14:32:00,ROUTER-05,34.3,0.28,539.31
2026-09-05 14:32:30,ROUTER-01,58.05,0.55,545.58
2026-09-05 14:33:00,ROUTER-02,67.79,0.34,515.64
2026-09-05 14:33:30,ROUTER-04,60.78,0.42,492.09
2026-09-05 14:34:00,ROUTER-01,64.94,1.0,534.88
2026-09-05 14:34:30,ROUTER-01,38.65,0.9,297.42
2026-09-05 14:35:00,ROUTER-03,28.67,0.11,554.57
2026-09-05 14:35:30,ROUTER-05,72.52,0.75,510.09
2026-09-05 14:36:00,ROUTER-04,45.16,0.74,482.2
2026-09-05 14:36:30,ROUTER-02,46.24,0.16,663.75
2026-09-05 14:37:00,ROUTER-04,69.92,0.75,446.01
2026-09-05 14:37:30,ROUTER-02,58.34,0.96,467.75
2026-09-05 14:38:00,ROUTER-05,56.84,0.16,659.32
2026-09-05 14:38:30,ROUTER-02,426.1,19.64,136.71
2026-09-05 14:39:00,ROUTER-03,40.35,0.81,455.99
2026-09-05 14:39:30,ROUTER-03,63.92,0.58,488.24
2026-09-05 14:40:00,ROUTER-03,50.86,0.67,567.26
2026-09-05 14:40:30,ROUTER-03,54.03,0.6,516.62
2026-09-05 14:41:00,ROUTER-04,72.93,0.62,396.59
2026-09-05 14:41:30,ROUTER-05,57.62,0.1,457.43
2026-09-05 14:42:00,ROUTER-02,58.07,0.81,451.41
2026-09-05 14:42:30,ROUTER-02,66.09,0.85,493.82
2026-09-05 14:43:00,ROUTER-03,44.53,0.43,534.07
2026-09-05 14:43:30,ROUTER-03,37.41,0.49,533.46
2026-09-05 14:44:00,ROUTER-01,34.33,0.04,357.92
2026-09-05 14:44:30,ROUTER-05,20.5,0.65,585.12
2026-09-05 14:45:00,ROUTER-04,80.84,0.67,520.21
2026-09-05 14:45:30,ROUTER-02,33.45,0.48,610.76
2026-09-05 14:46:00,ROUTER-01,46.68,0.84,535.54
2026-09-05 14:46:30,ROUTER-01,45.85,0.4,588.11
2026-09-05 14:47:00,ROUTER-02,54.61,0.67,537.32
2026-09-05 14:47:30,ROUTER-04,62.24,0.19,607.7
2026-09-05 14:48:00,ROUTER-01,62.91,0.49,541.78
2026-09-05 14:48:30,ROUTER-01,41.25,0.45,492.17
2026-09-05 14:49:00,ROUTER-05,47.49,0.57,681.79
2026-09-05 14:49:30,ROUTER-04,54.24,0.39,571.12
2026-09-05 14:50:00,ROUTER-01,303.36,12.21,119.19
2026-09-05 14:50:30,ROUTER-04,74.11,0.75,397.9
2026-09-05 14:51:00,ROUTER-02,57.36,0.37,396.94
2026-09-05 14:51:30,ROUTER-03,61.02,0.02,523.42
2026-09-05 14:52:00,ROUTER-01,59.94,1.02,511.64
2026-09-05 14:52:30,ROUTER-05,67.6,0.91,450.87
2026-09-05 14:53:00,ROUTER-02,52.72,0.11,511.28
2026-09-05 14:53:30,ROUTER-04,30.55,0.71,627.09
2026-09-05 14:54:00,ROUTER-02,56.0,0.35,555.63
2026-09-05 14:54:30,ROUTER-01,40.23,0.58,408.72
2026-09-05 14:55:00,ROUTER-04,42.07,0.59,491.08
2026-09-05 14:55:30,ROUTER-03,58.8,0.43,435.6
2026-09-05 14:56:00,ROUTER-02,68.57,0.26,468.98
2026-09-05 14:56:30,ROUTER-01,50.32,0.29,466.91
2026-09-05 14:57:00,ROUTER-05,54.63,0.23,461.79
2026-09-05 14:57:30,ROUTER-04,75.53,0.25,399.59
2026-09-05 14:58:00,ROUTER-02,53.61,0.48,489.79
2026-09-05 14:58:30,ROUTER-02,89.03,0.29,455.15
2026-09-05 14:59:00,ROUTER-03,58.48,0.7,265.64
2026-09-05 14:59:30,ROUTER-03,215.13,7.18,181.3
2026-09-05 15:00:00,ROUTER-05,61.3,0.33,587.1
2026-09-05 15:00:30,ROUTER-05,55.72,0.57,469.9
2026-09-05 15:01:00,ROUTER-01,69.35,0.65,501.51
2026-09-05 15:01:30,ROUTER-01,60.1,0.64,406.27
2026-09-05 15:02:00,ROUTER-05,47.92,0.52,635.66
2026-09-05 15:02:30,ROUTER-05,31.64,0.72,651.78
2026-09-05 15:03:00,ROUTER-04,46.86,0.64,512.54
2026-09-05 15:03:30,ROUTER-03,37.24,0.13,581.88
2026-09-05 15:04:00,ROUTER-01,41.29,0.76,514.02
2026-09-05 15:04:30,ROUTER-03,58.83,0.77,393.06
2026-09-05 15:05:00,ROUTER-03,465.56,15.7,53.94
2026-09-05 15:05:30,ROUTER-05,55.92,0.51,510.55
2026-09-05 15:06:00,ROUTER-04,32.06,0.7,463.64
2026-09-05 15:06:30,ROUTER-02,56.67,0.44,482.51
2026-09-05 15:07:00,ROUTER-04,67.95,0.82,492.69
2026-09-05 15:07:30,ROUTER-04,40.85,1.21,493.53
2026-09-05 15:08:00,ROUTER-03,47.99,0.26,504.18
2026-09-05 15:08:30,ROUTER-04,50.22,0.09,415.15
2026-09-05 15:09:00,ROUTER-01,38.23,0.59,442.64
2026-09-05 15:09:30,ROUTER-03,59.72,0.72,397.23
2026-09-05 15:10:00,ROUTER-01,48.19,0.43,578.23
2026-09-05 15:10:30,ROUTER-02,56.29,0.94,331.55
2026-09-05 15:11:00,ROUTER-03,36.69,0.1,592.29
2026-09-05 15:11:30,ROUTER-02,43.44,0.71,610.91
2026-09-05 15:12:00,ROUTER-03,60.84,0.32,475.83
2026-09-05 15:12:30,ROUTER-05,44.41,1.02,291.75
2026-09-05 15:13:00,ROUTER-04,75.9,1.1,471.1
2026-09-05 15:13:30,ROUTER-05,44.01,0.27,494.87
2026-09-05 15:14:00,ROUTER-02,53.37,0.34,419.15
2026-09-05 15:14:30,ROUTER-04,63.99,0.76,458.78
2026-09-05 15:15:00,ROUTER-03,28.72,0.38,622.42
2026-09-05 15:15:30,ROUTER-04,23.59,0.49,553.19
2026-09-05 15:16:00,ROUTER-01,27.12,0.51,426.03
2026-09-05 15:16:30,ROUTER-04,68.94,0.0,372.19
2026-09-05 15:17:00,ROUTER-01,41.72,0.5,473.84
2026-09-05 15:17:30,ROUTER-04,88.37,0.29,482.92
2026-09-05 15:18:00,ROUTER-01,41.54,0.35,539.7
2026-09-05 15:18:30,ROUTER-02,52.77,0.93,457.17
2026-09-05 15:19:00,ROUTER-05,73.13,0.12,540.92
2026-09-05 15:19:30,ROUTER-03,80.09,0.74,654.81
2026-09-05 15:20:00,ROUTER-04,80.92,0.42,565.24
2026-09-05 15:20:30,ROUTER-05,68.13,0.42,496.15
2026-09-05 15:21:00,ROUTER-03,65.36,0.74,485.35
2026-09-05 15:21:30,ROUTER-03,58.89,0.6,471.47
2026-09-05 15:22:00,ROUTER-01,61.68,0.67,594.45
2026-09-05 15:22:30,ROUTER-02,41.73,0.79,449.81
2026-09-05 15:23:00,ROUTER-02,37.73,0.4,503.62
2026-09-05 15:23:30,ROUTER-05,49.95,0.32,504.1
2026-09-05 15:24:00,ROUTER-02,47.45,0.17,459.86
2026-09-05 15:24:30,ROUTER-04,43.2,0.25,390.2
2026-09-05 15:25:00,ROUTER-02,60.45,1.38,525.84
2026-09-05 15:25:30,ROUTER-05,64.33,0.87,495.12
2026-09-05 15:26:00,ROUTER-02,51.33,0.09,540.02
2026-09-05 15:26:30,ROUTER-04,72.16,0.1,457.31
2026-09-05 15:27:00,ROUTER-01,32.87,0.64,597.67
2026-09-05 15:27:30,ROUTER-05,47.1,0.66,429.86
2026-09-05 15:28:00,ROUTER-01,39.25,0.66,636.96
2026-09-05 15:28:30,ROUTER-01,22.0,0.42,360.19
2026-09-05 15:29:00,ROUTER-01,48.76,0.46,534.78
2026-09-05 15:29:30,ROUTER-03,48.17,0.6,538.03
2026-09-05 15:30:00,ROUTER-03,72.7,0.53,436.36
2026-09-05 15:30:30,ROUTER-01,326.39,5.21,68.2
2026-09-05 15:31:00,ROUTER-05,34.64,0.43,602.36
2026-09-05 15:31:30,ROUTER-04,77.81,0.24,322.65
2026-09-05 15:32:00,ROUTER-04,68.32,0.55,540.22
2026-09-05 15:32:30,ROUTER-02,58.73,1.4,300.54
2026-09-05 15:33:00,ROUTER-05,46.6,0.61,422.75
2026-09-05 15:33:30,ROUTER-03,35.61,0.41,630.33
2026-09-05 15:34:00,ROUTER-01,44.42,0.78,453.46
2026-09-05 15:34:30,ROUTER-02,66.33,0.64,406.09
2026-09-05 15:35:00,ROUTER-04,78.27,0.63,484.16
2026-09-05 15:35:30,ROUTER-03,73.15,0.68,665.43
2026-09-05 15:36:00,ROUTER-03,42.67,1.12,353.47
2026-09-05 15:36:30,ROUTER-01,33.21,0.16,415.9
2026-09-05 15:37:00,ROUTER-04,52.11,0.64,619.79
2026-09-05 15:37:30,ROUTER-05,23.47,0.22,648.62
2026-09-05 15:38:00,ROUTER-03,54.85,0.67,491.73
2026-09-05 15:38:30,ROUTER-01,47.79,0.22,400.88
2026-09-05 15:39:00,ROUTER-05,43.01,0.37,667.67
2026-09-05 15:39:30,ROUTER-04,26.08,0.41,627.56
2026-09-05 15:40:00,ROUTER-03,57.7,0.79,554.32
2026-09-05 15:40:30,ROUTER-05,307.1,20.27,128.11
2026-09-05 15:41:00,ROUTER-05,32.45,0.13,496.08
2026-09-05 15:41:30,ROUTER-05,6.92,0.52,487.17
2026-09-05 15:42:00,ROUTER-03,49.59,0.29,526.47
2026-09-05 15:42:30,ROUTER-03,76.58,0.12,616.08
2026-09-05 15:43:00,ROUTER-02,74.92,0.43,570.35
2026-09-05 15:43:30,ROUTER-04,43.14,0.41,413.81
2026-09-05 15:44:00,ROUTER-01,40.97,1.23,610.12
2026-09-05 15:44:30,ROUTER-05,57.03,0.63,525.05
2026-09-05 15:45:00,ROUTER-02,268.98,14.14,170.0
2026-09-05 15:45:30,ROUTER-01,54.53,0.33,617.32
2026-09-05 15:46:00,ROUTER-02,61.49,0.81,411.07
2026-09-05 15:46:30,ROUTER-03,68.4,1.13,497.13
2026-09-05 15:47:00,ROUTER-05,48.5,0.02,457.48
2026-09-05 15:47:30,ROUTER-01,46.94,0.0,374.57
2026-09-05 15:48:00,ROUTER-01,36.83,1.06,527.74
2026-09-05 15:48:30,ROUTER-01,37.6,0.62,700.92
2026-09-05 15:49:00,ROUTER-01,46.6,0.24,352.79
2026-09-05 15:49:30,ROUTER-01,55.51,0.66,497.42
2026-09-05 15:50:00,ROUTER-02,63.7,0.0,551.24
2026-09-05 15:50:30,ROUTER-05,37.95,0.5,509.85
2026-09-05 15:51:00,ROUTER-03,72.39,0.6,490.95
2026-09-05 15:51:30,ROUTER-03,45.93,0.78,396.06
2026-09-05 15:52:00,ROUTER-03,49.68,0.2,518.62
2026-09-05 15:52:30,ROUTER-03,38.79,0.53,439.46
2026-09-05 15:53:00,ROUTER-02,13.64,0.22,324.81
2026-09-05 15:53:30,ROUTER-04,63.26,0.58,595.57
2026-09-05 15:54:00,ROUTER-05,61.05,0.23,576.67
2026-09-05 15:54:30,ROUTER-01,45.78,0.38,504.13
2026-09-05 15:55:00,ROUTER-04,51.0,0.2,518.33
2026-09-05 15:55:30,ROUTER-03,57.74,0.7,585.95
2026-09-05 15:56:00,ROUTER-04,26.56,0.76,517.95
2026-09-05 15:56:30,ROUTER-05,42.06,0.43,572.32
2026-09-05 15:57:00,ROUTER-01,61.91,0.51,476.2
2026-09-05 15:57:30,ROUTER-01,31.19,0.07,604.96
2026-09-05 15:58:00,ROUTER-05,54.4,0.41,525.66
2026-09-05 15:58:30,ROUTER-05,29.65,0.48,515.52
2026-09-05 15:59:00,ROUTER-03,57.0,1.29,398.4
2026-09-05 15:59:30,ROUTER-01,49.47,0.17,522.96
2026-09-05 16:00:00,ROUTER-04,25.77,0.94,433.44
2026-09-05 16:00:30,ROUTER-02,67.47,0.8,448.94
2026-09-05 16:01:00,ROUTER-02,38.98,0.58,434.77
2026-09-05 16:01:30,ROUTER-05,37.85,1.03,414.7
2026-09-05 16:02:00,ROUTER-03,53.01,0.61,669.98
2026-09-05 16:02:30,ROUTER-02,67.23,0.62,606.51
2026-09-05 16:03:00,ROUTER-01,34.76,0.48,653.63
2026-09-05 16:03:30,ROUTER-05,50.93,0.87,402.17
2026-09-05 16:04:00,ROUTER-04,56.43,0.83,505.7
2026-09-05 16:04:30,ROUTER-05,60.4,0.31,396.52
2026-09-05 16:05:00,ROUTER-04,52.65,0.1,444.34
2026-09-05 16:05:30,ROUTER-05,44.49,0.44,426.55
2026-09-05 16:06:00,ROUTER-05,37.59,0.26,599.17
2026-09-05 16:06:30,ROUTER-05,51.29,0.48,468.3
2026-09-05 16:07:00,ROUTER-04,33.92,0.87,585.47
2026-09-05 16:07:30,ROUTER-04,6.18,0.36,548.33
2026-09-05 16:08:00,ROUTER-05,56.55,0.49,684.29
2026-09-05 16:08:30,ROUTER-02,63.56,0.52,381.64
2026-09-05 16:09:00,ROUTER-03,14.56,0.75,600.74
2026-09-05 16:09:30,ROUTER-03,34.85,0.0,591.72
2026-09-05 16:10:00,ROUTER-03,59.29,0.32,422.13
2026-09-05 16:10:30,ROUTER-04,80.86,0.56,580.57
2026-09-05 16:11:00,ROUTER-04,50.31,0.86,526.89
2026-09-05 16:11:30,ROUTER-02,39.08,0.35,481.8
2026-09-05 16:12:00,ROUTER-03,47.26,0.0,434.09
2026-09-05 16:12:30,ROUTER-03,70.62,0.69,442.47
2026-09-05 16:13:00,ROUTER-05,40.31,0.31,663.98
2026-09-05 16:13:30,ROUTER-04,38.01,0.14,500.05
2026-09-05 16:14:00,ROUTER-03,42.76,0.31,562.57
2026-09-05 16:14:30,ROUTER-02,35.7,0.44,436.73
2026-09-05 16:15:00,ROUTER-02,51.84,0.32,437.61
2026-09-05 16:15:30,ROUTER-03,74.37,0.0,586.56
2026-09-05 16:16:00,ROUTER-04,54.85,0.77,392.03
2026-09-05 16:16:30,ROUTER-02,46.21,0.88,466.78
2026-09-05 16:17:00,ROUTER-05,45.62,0.7,502.72
2026-09-05 16:17:30,ROUTER-02,26.55,0.16,508.91
2026-09-05 16:18:00,ROUTER-01,63.25,0.44,485.67
2026-09-05 16:18:30,ROUTER-01,48.83,0.5,531.67
2026-09-05 16:19:00,ROUTER-04,47.29,0.68,555.43
2026-09-05 16:19:30,ROUTER-03,97.9,0.7,558.77
